Workbook

Sheet 設定
A1: 月次予算割振
A2: 対象月を変えるだけで、日付・週の区切り・WEEK番号がすべて入れ替わります。
A4: ■ 対象月
A5: 年 | B5: 2026
A6: 月 | B6: 4
A7: 開始WEEK | B7: =B16 | C7: ← 自動計算値が入っています。別の番号にしたいときは直接上書きしてください。
A9: ■ 自動計算（変更しないでください）
A11: 月初 | B11: =DATE(B5,B6,1)
A12: 月末 | B12: =EOMONTH(B11,0)
A13: 第1週の木曜 | B13: =B11+MOD(4-WEEKDAY(B11,2)+7,7)
A14: 3/1(当年)の週の木曜 | B14: =DATE(B5,3,1)+MOD(4-WEEKDAY(DATE(B5,3,1),2)+7,7)
A15: 3/1(前年)の週の木曜 | B15: =DATE(B5-1,3,1)+MOD(4-WEEKDAY(DATE(B5-1,3,1),2)+7,7)
A16: 開始WEEK（自動） | B16: =IF(B13>=B14,(B13-B14)/7+1,(B13-B15)/7+1)
A17: 週数 | B17: =IF(B12<=B13,1,1+CEILING((B12-B13)/7,1))
A19: ■ 週の区切り（金曜〜木曜。月初・月末は端数の週になります）
A20: 週 | B20: WEEK | C20: 開始 | D20: 終了 | E20: 日数
A21: 1 | B21: =IF($A21<=$B$17,"W"&($B$7+$A21-1),"") | C21: =IF($A21<=$B$17,IF($A21=1,$B$11,$B$13+7*($A21-2)+1),"") | D21: =IF($A21<=$B$17,MIN($B$12,$B$13+7*($A21-1)),"") | E21: =IF($A21<=$B$17,$D21-$C21+1,"")
A22: 2 | B22: =IF($A22<=$B$17,"W"&($B$7+$A22-1),"") | C22: =IF($A22<=$B$17,IF($A22=1,$B$11,$B$13+7*($A22-2)+1),"") | D22: =IF($A22<=$B$17,MIN($B$12,$B$13+7*($A22-1)),"") | E22: =IF($A22<=$B$17,$D22-$C22+1,"")
A23: 3 | B23: =IF($A23<=$B$17,"W"&($B$7+$A23-1),"") | C23: =IF($A23<=$B$17,IF($A23=1,$B$11,$B$13+7*($A23-2)+1),"") | D23: =IF($A23<=$B$17,MIN($B$12,$B$13+7*($A23-1)),"") | E23: =IF($A23<=$B$17,$D23-$C23+1,"")
A24: 4 | B24: =IF($A24<=$B$17,"W"&($B$7+$A24-1),"") | C24: =IF($A24<=$B$17,IF($A24=1,$B$11,$B$13+7*($A24-2)+1),"") | D24: =IF($A24<=$B$17,MIN($B$12,$B$13+7*($A24-1)),"") | E24: =IF($A24<=$B$17,$D24-$C24+1,"")
A25: 5 | B25: =IF($A25<=$B$17,"W"&($B$7+$A25-1),"") | C25: =IF($A25<=$B$17,IF($A25=1,$B$11,$B$13+7*($A25-2)+1),"") | D25: =IF($A25<=$B$17,MIN($B$12,$B$13+7*($A25-1)),"") | E25: =IF($A25<=$B$17,$D25-$C25+1,"")
A26: 6 | B26: =IF($A26<=$B$17,"W"&($B$7+$A26-1),"") | C26: =IF($A26<=$B$17,IF($A26=1,$B$11,$B$13+7*($A26-2)+1),"") | D26: =IF($A26<=$B$17,MIN($B$12,$B$13+7*($A26-1)),"") | E26: =IF($A26<=$B$17,$D26-$C26+1,"")
A28: ■ 部門構成比（接客部門シートで使用）
A29: FLOOR | B29: 0.44273634
A30: CONCESSION | B30: 0.43219655
A31: STORE | B31: 0.036292385
A32: OFFICE | B32: 0.088774718
A33: 合計 | B33: =SUM(B29:B32) | C33: ← 100.00% になるようにしてください
A35: ■ 凡例
A36: 入力するセル | B36: 黄色 ＝ 手で入力するところ（青字）
A37: 自動計算 | B37: 白 ＝ 数式が入っています（触らないでください）
A39: ※ 元の値は 2026年4月シートから写しています。実態に合わせて書き換えてください。

Sheet 動員
A1: 日別動員
A2: D列に日別動員を入力すると、週別の構成比まで自動で出ます（未入力でも他シートは使えます）。
A3: 日付 | B3: 曜日 | C3: WEEK | D3: 動員 | E3: 構成比 | G3: 週 | H3: WEEK | I3: 期間 | J3: 動員 | K3: 構成比
A4: =IF(1<=DAY(設定!$B$12),設定!$B$11+0,"") | B4: =IF($A4="","",CHOOSE(WEEKDAY($A4,2),"月","火","水","木","金","土","日")) | C4: =IF($A4="","",IF($A4<=設定!$B$13,1,1+CEILING(($A4-設定!$B$13)/7,1))) | E4: =IF($A4="","",IF($D$35=0,0,$D4/$D$35)) | G4: 1 | H4: =設定!$B$21 | I4: =IF(設定!$B$21="","",TEXT(設定!$C$21,"m/d")&"〜"&TEXT(設定!$D$21,"m/d")) | J4: =IF(設定!$B$21="","",SUMIF($C$4:$C$34,$G4,$D$4:$D$34)) | K4: =IF(設定!$B$21="","",IF($J$10=0,0,$J4/$J$10))
A5: =IF(2<=DAY(設定!$B$12),設定!$B$11+1,"") | B5: =IF($A5="","",CHOOSE(WEEKDAY($A5,2),"月","火","水","木","金","土","日")) | C5: =IF($A5="","",IF($A5<=設定!$B$13,1,1+CEILING(($A5-設定!$B$13)/7,1))) | E5: =IF($A5="","",IF($D$35=0,0,$D5/$D$35)) | G5: 2 | H5: =設定!$B$22 | I5: =IF(設定!$B$22="","",TEXT(設定!$C$22,"m/d")&"〜"&TEXT(設定!$D$22,"m/d")) | J5: =IF(設定!$B$22="","",SUMIF($C$4:$C$34,$G5,$D$4:$D$34)) | K5: =IF(設定!$B$22="","",IF($J$10=0,0,$J5/$J$10))
A6: =IF(3<=DAY(設定!$B$12),設定!$B$11+2,"") | B6: =IF($A6="","",CHOOSE(WEEKDAY($A6,2),"月","火","水","木","金","土","日")) | C6: =IF($A6="","",IF($A6<=設定!$B$13,1,1+CEILING(($A6-設定!$B$13)/7,1))) | E6: =IF($A6="","",IF($D$35=0,0,$D6/$D$35)) | G6: 3 | H6: =設定!$B$23 | I6: =IF(設定!$B$23="","",TEXT(設定!$C$23,"m/d")&"〜"&TEXT(設定!$D$23,"m/d")) | J6: =IF(設定!$B$23="","",SUMIF($C$4:$C$34,$G6,$D$4:$D$34)) | K6: =IF(設定!$B$23="","",IF($J$10=0,0,$J6/$J$10))
A7: =IF(4<=DAY(設定!$B$12),設定!$B$11+3,"") | B7: =IF($A7="","",CHOOSE(WEEKDAY($A7,2),"月","火","水","木","金","土","日")) | C7: =IF($A7="","",IF($A7<=設定!$B$13,1,1+CEILING(($A7-設定!$B$13)/7,1))) | E7: =IF($A7="","",IF($D$35=0,0,$D7/$D$35)) | G7: 4 | H7: =設定!$B$24 | I7: =IF(設定!$B$24="","",TEXT(設定!$C$24,"m/d")&"〜"&TEXT(設定!$D$24,"m/d")) | J7: =IF(設定!$B$24="","",SUMIF($C$4:$C$34,$G7,$D$4:$D$34)) | K7: =IF(設定!$B$24="","",IF($J$10=0,0,$J7/$J$10))
A8: =IF(5<=DAY(設定!$B$12),設定!$B$11+4,"") | B8: =IF($A8="","",CHOOSE(WEEKDAY($A8,2),"月","火","水","木","金","土","日")) | C8: =IF($A8="","",IF($A8<=設定!$B$13,1,1+CEILING(($A8-設定!$B$13)/7,1))) | E8: =IF($A8="","",IF($D$35=0,0,$D8/$D$35)) | G8: 5 | H8: =設定!$B$25 | I8: =IF(設定!$B$25="","",TEXT(設定!$C$25,"m/d")&"〜"&TEXT(設定!$D$25,"m/d")) | J8: =IF(設定!$B$25="","",SUMIF($C$4:$C$34,$G8,$D$4:$D$34)) | K8: =IF(設定!$B$25="","",IF($J$10=0,0,$J8/$J$10))
A9: =IF(6<=DAY(設定!$B$12),設定!$B$11+5,"") | B9: =IF($A9="","",CHOOSE(WEEKDAY($A9,2),"月","火","水","木","金","土","日")) | C9: =IF($A9="","",IF($A9<=設定!$B$13,1,1+CEILING(($A9-設定!$B$13)/7,1))) | E9: =IF($A9="","",IF($D$35=0,0,$D9/$D$35)) | G9: 6 | H9: =設定!$B$26 | I9: =IF(設定!$B$26="","",TEXT(設定!$C$26,"m/d")&"〜"&TEXT(設定!$D$26,"m/d")) | J9: =IF(設定!$B$26="","",SUMIF($C$4:$C$34,$G9,$D$4:$D$34)) | K9: =IF(設定!$B$26="","",IF($J$10=0,0,$J9/$J$10))
A10: =IF(7<=DAY(設定!$B$12),設定!$B$11+6,"") | B10: =IF($A10="","",CHOOSE(WEEKDAY($A10,2),"月","火","水","木","金","土","日")) | C10: =IF($A10="","",IF($A10<=設定!$B$13,1,1+CEILING(($A10-設定!$B$13)/7,1))) | E10: =IF($A10="","",IF($D$35=0,0,$D10/$D$35)) | I10: 合計 | J10: =SUM(J4:J9) | K10: =IF($J$10=0,"",SUM(K4:K9))
A11: =IF(8<=DAY(設定!$B$12),設定!$B$11+7,"") | B11: =IF($A11="","",CHOOSE(WEEKDAY($A11,2),"月","火","水","木","金","土","日")) | C11: =IF($A11="","",IF($A11<=設定!$B$13,1,1+CEILING(($A11-設定!$B$13)/7,1))) | E11: =IF($A11="","",IF($D$35=0,0,$D11/$D$35))
A12: =IF(9<=DAY(設定!$B$12),設定!$B$11+8,"") | B12: =IF($A12="","",CHOOSE(WEEKDAY($A12,2),"月","火","水","木","金","土","日")) | C12: =IF($A12="","",IF($A12<=設定!$B$13,1,1+CEILING(($A12-設定!$B$13)/7,1))) | E12: =IF($A12="","",IF($D$35=0,0,$D12/$D$35))
A13: =IF(10<=DAY(設定!$B$12),設定!$B$11+9,"") | B13: =IF($A13="","",CHOOSE(WEEKDAY($A13,2),"月","火","水","木","金","土","日")) | C13: =IF($A13="","",IF($A13<=設定!$B$13,1,1+CEILING(($A13-設定!$B$13)/7,1))) | E13: =IF($A13="","",IF($D$35=0,0,$D13/$D$35))
A14: =IF(11<=DAY(設定!$B$12),設定!$B$11+10,"") | B14: =IF($A14="","",CHOOSE(WEEKDAY($A14,2),"月","火","水","木","金","土","日")) | C14: =IF($A14="","",IF($A14<=設定!$B$13,1,1+CEILING(($A14-設定!$B$13)/7,1))) | E14: =IF($A14="","",IF($D$35=0,0,$D14/$D$35))
A15: =IF(12<=DAY(設定!$B$12),設定!$B$11+11,"") | B15: =IF($A15="","",CHOOSE(WEEKDAY($A15,2),"月","火","水","木","金","土","日")) | C15: =IF($A15="","",IF($A15<=設定!$B$13,1,1+CEILING(($A15-設定!$B$13)/7,1))) | E15: =IF($A15="","",IF($D$35=0,0,$D15/$D$35))
A16: =IF(13<=DAY(設定!$B$12),設定!$B$11+12,"") | B16: =IF($A16="","",CHOOSE(WEEKDAY($A16,2),"月","火","水","木","金","土","日")) | C16: =IF($A16="","",IF($A16<=設定!$B$13,1,1+CEILING(($A16-設定!$B$13)/7,1))) | E16: =IF($A16="","",IF($D$35=0,0,$D16/$D$35))
A17: =IF(14<=DAY(設定!$B$12),設定!$B$11+13,"") | B17: =IF($A17="","",CHOOSE(WEEKDAY($A17,2),"月","火","水","木","金","土","日")) | C17: =IF($A17="","",IF($A17<=設定!$B$13,1,1+CEILING(($A17-設定!$B$13)/7,1))) | E17: =IF($A17="","",IF($D$35=0,0,$D17/$D$35))
A18: =IF(15<=DAY(設定!$B$12),設定!$B$11+14,"") | B18: =IF($A18="","",CHOOSE(WEEKDAY($A18,2),"月","火","水","木","金","土","日")) | C18: =IF($A18="","",IF($A18<=設定!$B$13,1,1+CEILING(($A18-設定!$B$13)/7,1))) | E18: =IF($A18="","",IF($D$35=0,0,$D18/$D$35))
A19: =IF(16<=DAY(設定!$B$12),設定!$B$11+15,"") | B19: =IF($A19="","",CHOOSE(WEEKDAY($A19,2),"月","火","水","木","金","土","日")) | C19: =IF($A19="","",IF($A19<=設定!$B$13,1,1+CEILING(($A19-設定!$B$13)/7,1))) | E19: =IF($A19="","",IF($D$35=0,0,$D19/$D$35))
A20: =IF(17<=DAY(設定!$B$12),設定!$B$11+16,"") | B20: =IF($A20="","",CHOOSE(WEEKDAY($A20,2),"月","火","水","木","金","土","日")) | C20: =IF($A20="","",IF($A20<=設定!$B$13,1,1+CEILING(($A20-設定!$B$13)/7,1))) | E20: =IF($A20="","",IF($D$35=0,0,$D20/$D$35))
A21: =IF(18<=DAY(設定!$B$12),設定!$B$11+17,"") | B21: =IF($A21="","",CHOOSE(WEEKDAY($A21,2),"月","火","水","木","金","土","日")) | C21: =IF($A21="","",IF($A21<=設定!$B$13,1,1+CEILING(($A21-設定!$B$13)/7,1))) | E21: =IF($A21="","",IF($D$35=0,0,$D21/$D$35))
A22: =IF(19<=DAY(設定!$B$12),設定!$B$11+18,"") | B22: =IF($A22="","",CHOOSE(WEEKDAY($A22,2),"月","火","水","木","金","土","日")) | C22: =IF($A22="","",IF($A22<=設定!$B$13,1,1+CEILING(($A22-設定!$B$13)/7,1))) | E22: =IF($A22="","",IF($D$35=0,0,$D22/$D$35))
A23: =IF(20<=DAY(設定!$B$12),設定!$B$11+19,"") | B23: =IF($A23="","",CHOOSE(WEEKDAY($A23,2),"月","火","水","木","金","土","日")) | C23: =IF($A23="","",IF($A23<=設定!$B$13,1,1+CEILING(($A23-設定!$B$13)/7,1))) | E23: =IF($A23="","",IF($D$35=0,0,$D23/$D$35))
A24: =IF(21<=DAY(設定!$B$12),設定!$B$11+20,"") | B24: =IF($A24="","",CHOOSE(WEEKDAY($A24,2),"月","火","水","木","金","土","日")) | C24: =IF($A24="","",IF($A24<=設定!$B$13,1,1+CEILING(($A24-設定!$B$13)/7,1))) | E24: =IF($A24="","",IF($D$35=0,0,$D24/$D$35))
A25: =IF(22<=DAY(設定!$B$12),設定!$B$11+21,"") | B25: =IF($A25="","",CHOOSE(WEEKDAY($A25,2),"月","火","水","木","金","土","日")) | C25: =IF($A25="","",IF($A25<=設定!$B$13,1,1+CEILING(($A25-設定!$B$13)/7,1))) | E25: =IF($A25="","",IF($D$35=0,0,$D25/$D$35))
A26: =IF(23<=DAY(設定!$B$12),設定!$B$11+22,"") | B26: =IF($A26="","",CHOOSE(WEEKDAY($A26,2),"月","火","水","木","金","土","日")) | C26: =IF($A26="","",IF($A26<=設定!$B$13,1,1+CEILING(($A26-設定!$B$13)/7,1))) | E26: =IF($A26="","",IF($D$35=0,0,$D26/$D$35))
A27: =IF(24<=DAY(設定!$B$12),設定!$B$11+23,"") | B27: =IF($A27="","",CHOOSE(WEEKDAY($A27,2),"月","火","水","木","金","土","日")) | C27: =IF($A27="","",IF($A27<=設定!$B$13,1,1+CEILING(($A27-設定!$B$13)/7,1))) | E27: =IF($A27="","",IF($D$35=0,0,$D27/$D$35))
A28: =IF(25<=DAY(設定!$B$12),設定!$B$11+24,"") | B28: =IF($A28="","",CHOOSE(WEEKDAY($A28,2),"月","火","水","木","金","土","日")) | C28: =IF($A28="","",IF($A28<=設定!$B$13,1,1+CEILING(($A28-設定!$B$13)/7,1))) | E28: =IF($A28="","",IF($D$35=0,0,$D28/$D$35))
A29: =IF(26<=DAY(設定!$B$12),設定!$B$11+25,"") | B29: =IF($A29="","",CHOOSE(WEEKDAY($A29,2),"月","火","水","木","金","土","日")) | C29: =IF($A29="","",IF($A29<=設定!$B$13,1,1+CEILING(($A29-設定!$B$13)/7,1))) | E29: =IF($A29="","",IF($D$35=0,0,$D29/$D$35))
A30: =IF(27<=DAY(設定!$B$12),設定!$B$11+26,"") | B30: =IF($A30="","",CHOOSE(WEEKDAY($A30,2),"月","火","水","木","金","土","日")) | C30: =IF($A30="","",IF($A30<=設定!$B$13,1,1+CEILING(($A30-設定!$B$13)/7,1))) | E30: =IF($A30="","",IF($D$35=0,0,$D30/$D$35))
A31: =IF(28<=DAY(設定!$B$12),設定!$B$11+27,"") | B31: =IF($A31="","",CHOOSE(WEEKDAY($A31,2),"月","火","水","木","金","土","日")) | C31: =IF($A31="","",IF($A31<=設定!$B$13,1,1+CEILING(($A31-設定!$B$13)/7,1))) | E31: =IF($A31="","",IF($D$35=0,0,$D31/$D$35))
A32: =IF(29<=DAY(設定!$B$12),設定!$B$11+28,"") | B32: =IF($A32="","",CHOOSE(WEEKDAY($A32,2),"月","火","水","木","金","土","日")) | C32: =IF($A32="","",IF($A32<=設定!$B$13,1,1+CEILING(($A32-設定!$B$13)/7,1))) | E32: =IF($A32="","",IF($D$35=0,0,$D32/$D$35))
A33: =IF(30<=DAY(設定!$B$12),設定!$B$11+29,"") | B33: =IF($A33="","",CHOOSE(WEEKDAY($A33,2),"月","火","水","木","金","土","日")) | C33: =IF($A33="","",IF($A33<=設定!$B$13,1,1+CEILING(($A33-設定!$B$13)/7,1))) | E33: =IF($A33="","",IF($D$35=0,0,$D33/$D$35))
A34: =IF(31<=DAY(設定!$B$12),設定!$B$11+30,"") | B34: =IF($A34="","",CHOOSE(WEEKDAY($A34,2),"月","火","水","木","金","土","日")) | C34: =IF($A34="","",IF($A34<=設定!$B$13,1,1+CEILING(($A34-設定!$B$13)/7,1))) | E34: =IF($A34="","",IF($D$35=0,0,$D34/$D$35))
A35: 合計 | D35: =SUM(D4:D34) | E35: =IF($D$35=0,"",SUM(E4:E34))

Sheet 割振
A1: 項目別の実施予定
A2: 黄色のセルに入力します。金額 ＝ 単価 × 時間 × 人数 × 回数（回数＝その週に何回・何日実施するか）。行は自由に増やせます。
F3: 週ごとの回数（日数）を入力 | N3: 週別金額（自動計算）
A4: 項目 | B4: 内容 | C4: 単価(時給) | D4: 時間 | E4: 人数 | F4: =設定!$B$21 | G4: =設定!$B$22 | H4: =設定!$B$23 | I4: =設定!$B$24 | J4: =設定!$B$25 | K4: =設定!$B$26 | L4: 回数計 | M4: 金額計 | N4: =設定!$B$21 | O4: =設定!$B$22 | P4: =設定!$B$23 | Q4: =設定!$B$24 | R4: =設定!$B$25 | S4: =設定!$B$26
A5: 障がい者雇用 | B5: 駒澤さん | C5: 1236 | D5: 5 | E5: 1 | F5: 3 | G5: 3 | H5: 3 | I5: 3 | J5: 3 | L5: =IF($A5="","",SUMPRODUCT(($F$4:$K$4<>"")*$F5:$K5)) | M5: =IF($A5="","",SUM($N5:$S5)) | N5: =IF(OR($A5="",N$4=""),"",$C5*$D5*$E5*F5) | O5: =IF(OR($A5="",O$4=""),"",$C5*$D5*$E5*G5) | P5: =IF(OR($A5="",P$4=""),"",$C5*$D5*$E5*H5) | Q5: =IF(OR($A5="",Q$4=""),"",$C5*$D5*$E5*I5) | R5: =IF(OR($A5="",R$4=""),"",$C5*$D5*$E5*J5) | S5: =IF(OR($A5="",S$4=""),"",$C5*$D5*$E5*K5)
A6: 新規採用研修（トレーニー） | B6: 週2〜3名 | C6: 1226 | D6: 5.5 | E6: 2 | L6: =IF($A6="","",SUMPRODUCT(($F$4:$K$4<>"")*$F6:$K6)) | M6: =IF($A6="","",SUM($N6:$S6)) | N6: =IF(OR($A6="",N$4=""),"",$C6*$D6*$E6*F6) | O6: =IF(OR($A6="",O$4=""),"",$C6*$D6*$E6*G6) | P6: =IF(OR($A6="",P$4=""),"",$C6*$D6*$E6*H6) | Q6: =IF(OR($A6="",Q$4=""),"",$C6*$D6*$E6*I6) | R6: =IF(OR($A6="",R$4=""),"",$C6*$D6*$E6*J6) | S6: =IF(OR($A6="",S$4=""),"",$C6*$D6*$E6*K6)
A7: 新規採用研修（トレーニー） | B7: カンポリ参加 | C7: 1226 | D7: 2.15 | E7: 3 | L7: =IF($A7="","",SUMPRODUCT(($F$4:$K$4<>"")*$F7:$K7)) | M7: =IF($A7="","",SUM($N7:$S7)) | N7: =IF(OR($A7="",N$4=""),"",$C7*$D7*$E7*F7) | O7: =IF(OR($A7="",O$4=""),"",$C7*$D7*$E7*G7) | P7: =IF(OR($A7="",P$4=""),"",$C7*$D7*$E7*H7) | Q7: =IF(OR($A7="",Q$4=""),"",$C7*$D7*$E7*I7) | R7: =IF(OR($A7="",R$4=""),"",$C7*$D7*$E7*J7) | S7: =IF(OR($A7="",S$4=""),"",$C7*$D7*$E7*K7)
A8: 新規採用研修（トレーナー） | B8: 週2〜3名 | C8: 1251 | D8: 5.5 | E8: 1 | L8: =IF($A8="","",SUMPRODUCT(($F$4:$K$4<>"")*$F8:$K8)) | M8: =IF($A8="","",SUM($N8:$S8)) | N8: =IF(OR($A8="",N$4=""),"",$C8*$D8*$E8*F8) | O8: =IF(OR($A8="",O$4=""),"",$C8*$D8*$E8*G8) | P8: =IF(OR($A8="",P$4=""),"",$C8*$D8*$E8*H8) | Q8: =IF(OR($A8="",Q$4=""),"",$C8*$D8*$E8*I8) | R8: =IF(OR($A8="",R$4=""),"",$C8*$D8*$E8*J8) | S8: =IF(OR($A8="",S$4=""),"",$C8*$D8*$E8*K8)
A9: 新規採用研修（トレーナー） | B9: 通常 | C9: 1251 | D9: 5 | E9: 4 | L9: =IF($A9="","",SUMPRODUCT(($F$4:$K$4<>"")*$F9:$K9)) | M9: =IF($A9="","",SUM($N9:$S9)) | N9: =IF(OR($A9="",N$4=""),"",$C9*$D9*$E9*F9) | O9: =IF(OR($A9="",O$4=""),"",$C9*$D9*$E9*G9) | P9: =IF(OR($A9="",P$4=""),"",$C9*$D9*$E9*H9) | Q9: =IF(OR($A9="",Q$4=""),"",$C9*$D9*$E9*I9) | R9: =IF(OR($A9="",R$4=""),"",$C9*$D9*$E9*J9) | S9: =IF(OR($A9="",S$4=""),"",$C9*$D9*$E9*K9)
A10: 既存スタッフ研修 | B10: 週1 | C10: 1251 | D10: 1 | E10: 1 | F10: 1 | L10: =IF($A10="","",SUMPRODUCT(($F$4:$K$4<>"")*$F10:$K10)) | M10: =IF($A10="","",SUM($N10:$S10)) | N10: =IF(OR($A10="",N$4=""),"",$C10*$D10*$E10*F10) | O10: =IF(OR($A10="",O$4=""),"",$C10*$D10*$E10*G10) | P10: =IF(OR($A10="",P$4=""),"",$C10*$D10*$E10*H10) | Q10: =IF(OR($A10="",Q$4=""),"",$C10*$D10*$E10*I10) | R10: =IF(OR($A10="",R$4=""),"",$C10*$D10*$E10*J10) | S10: =IF(OR($A10="",S$4=""),"",$C10*$D10*$E10*K10)
A11: 既存スタッフ研修 | B11: 週2 | C11: 1251 | D11: 1.5 | E11: 3 | G11: 1 | L11: =IF($A11="","",SUMPRODUCT(($F$4:$K$4<>"")*$F11:$K11)) | M11: =IF($A11="","",SUM($N11:$S11)) | N11: =IF(OR($A11="",N$4=""),"",$C11*$D11*$E11*F11) | O11: =IF(OR($A11="",O$4=""),"",$C11*$D11*$E11*G11) | P11: =IF(OR($A11="",P$4=""),"",$C11*$D11*$E11*H11) | Q11: =IF(OR($A11="",Q$4=""),"",$C11*$D11*$E11*I11) | R11: =IF(OR($A11="",R$4=""),"",$C11*$D11*$E11*J11) | S11: =IF(OR($A11="",S$4=""),"",$C11*$D11*$E11*K11)
A12: 既存スタッフ研修 | B12: 週3 | C12: 1251 | D12: 1.75 | E12: 6 | H12: 1 | L12: =IF($A12="","",SUMPRODUCT(($F$4:$K$4<>"")*$F12:$K12)) | M12: =IF($A12="","",SUM($N12:$S12)) | N12: =IF(OR($A12="",N$4=""),"",$C12*$D12*$E12*F12) | O12: =IF(OR($A12="",O$4=""),"",$C12*$D12*$E12*G12) | P12: =IF(OR($A12="",P$4=""),"",$C12*$D12*$E12*H12) | Q12: =IF(OR($A12="",Q$4=""),"",$C12*$D12*$E12*I12) | R12: =IF(OR($A12="",R$4=""),"",$C12*$D12*$E12*J12) | S12: =IF(OR($A12="",S$4=""),"",$C12*$D12*$E12*K12)
A13: 既存スタッフ研修 | B13: 週4 | C13: 1251 | D13: 1.5 | E13: 6 | I13: 1 | L13: =IF($A13="","",SUMPRODUCT(($F$4:$K$4<>"")*$F13:$K13)) | M13: =IF($A13="","",SUM($N13:$S13)) | N13: =IF(OR($A13="",N$4=""),"",$C13*$D13*$E13*F13) | O13: =IF(OR($A13="",O$4=""),"",$C13*$D13*$E13*G13) | P13: =IF(OR($A13="",P$4=""),"",$C13*$D13*$E13*H13) | Q13: =IF(OR($A13="",Q$4=""),"",$C13*$D13*$E13*I13) | R13: =IF(OR($A13="",R$4=""),"",$C13*$D13*$E13*J13) | S13: =IF(OR($A13="",S$4=""),"",$C13*$D13*$E13*K13)
A14: 防災訓練 | B14: 週1 | C14: 1251 | D14: 0.5 | E14: 10 | F14: 1 | L14: =IF($A14="","",SUMPRODUCT(($F$4:$K$4<>"")*$F14:$K14)) | M14: =IF($A14="","",SUM($N14:$S14)) | N14: =IF(OR($A14="",N$4=""),"",$C14*$D14*$E14*F14) | O14: =IF(OR($A14="",O$4=""),"",$C14*$D14*$E14*G14) | P14: =IF(OR($A14="",P$4=""),"",$C14*$D14*$E14*H14) | Q14: =IF(OR($A14="",Q$4=""),"",$C14*$D14*$E14*I14) | R14: =IF(OR($A14="",R$4=""),"",$C14*$D14*$E14*J14) | S14: =IF(OR($A14="",S$4=""),"",$C14*$D14*$E14*K14)
A15: 防災訓練 | B15: 週2 | C15: 1251 | D15: 0.5 | E15: 15 | G15: 1 | L15: =IF($A15="","",SUMPRODUCT(($F$4:$K$4<>"")*$F15:$K15)) | M15: =IF($A15="","",SUM($N15:$S15)) | N15: =IF(OR($A15="",N$4=""),"",$C15*$D15*$E15*F15) | O15: =IF(OR($A15="",O$4=""),"",$C15*$D15*$E15*G15) | P15: =IF(OR($A15="",P$4=""),"",$C15*$D15*$E15*H15) | Q15: =IF(OR($A15="",Q$4=""),"",$C15*$D15*$E15*I15) | R15: =IF(OR($A15="",R$4=""),"",$C15*$D15*$E15*J15) | S15: =IF(OR($A15="",S$4=""),"",$C15*$D15*$E15*K15)
A16: 防災訓練 | B16: 週3 | C16: 1251 | D16: 0.75 | E16: 8 | H16: 1 | L16: =IF($A16="","",SUMPRODUCT(($F$4:$K$4<>"")*$F16:$K16)) | M16: =IF($A16="","",SUM($N16:$S16)) | N16: =IF(OR($A16="",N$4=""),"",$C16*$D16*$E16*F16) | O16: =IF(OR($A16="",O$4=""),"",$C16*$D16*$E16*G16) | P16: =IF(OR($A16="",P$4=""),"",$C16*$D16*$E16*H16) | Q16: =IF(OR($A16="",Q$4=""),"",$C16*$D16*$E16*I16) | R16: =IF(OR($A16="",R$4=""),"",$C16*$D16*$E16*J16) | S16: =IF(OR($A16="",S$4=""),"",$C16*$D16*$E16*K16)
A17: 防災訓練 | B17: 週4 | C17: 1251 | D17: 0.75 | E17: 2 | I17: 1 | L17: =IF($A17="","",SUMPRODUCT(($F$4:$K$4<>"")*$F17:$K17)) | M17: =IF($A17="","",SUM($N17:$S17)) | N17: =IF(OR($A17="",N$4=""),"",$C17*$D17*$E17*F17) | O17: =IF(OR($A17="",O$4=""),"",$C17*$D17*$E17*G17) | P17: =IF(OR($A17="",P$4=""),"",$C17*$D17*$E17*H17) | Q17: =IF(OR($A17="",Q$4=""),"",$C17*$D17*$E17*I17) | R17: =IF(OR($A17="",R$4=""),"",$C17*$D17*$E17*J17) | S17: =IF(OR($A17="",S$4=""),"",$C17*$D17*$E17*K17)
A18: 防災訓練 | B18: 総合訓練 | C18: 1251 | D18: 1 | E18: 8 | L18: =IF($A18="","",SUMPRODUCT(($F$4:$K$4<>"")*$F18:$K18)) | M18: =IF($A18="","",SUM($N18:$S18)) | N18: =IF(OR($A18="",N$4=""),"",$C18*$D18*$E18*F18) | O18: =IF(OR($A18="",O$4=""),"",$C18*$D18*$E18*G18) | P18: =IF(OR($A18="",P$4=""),"",$C18*$D18*$E18*H18) | Q18: =IF(OR($A18="",Q$4=""),"",$C18*$D18*$E18*I18) | R18: =IF(OR($A18="",R$4=""),"",$C18*$D18*$E18*J18) | S18: =IF(OR($A18="",S$4=""),"",$C18*$D18*$E18*K18)
A19: 棚卸（予算分） | B19: 棚卸 | C19: 1251 | D19: 5 | E19: 5 | L19: =IF($A19="","",SUMPRODUCT(($F$4:$K$4<>"")*$F19:$K19)) | M19: =IF($A19="","",SUM($N19:$S19)) | N19: =IF(OR($A19="",N$4=""),"",$C19*$D19*$E19*F19) | O19: =IF(OR($A19="",O$4=""),"",$C19*$D19*$E19*G19) | P19: =IF(OR($A19="",P$4=""),"",$C19*$D19*$E19*H19) | Q19: =IF(OR($A19="",Q$4=""),"",$C19*$D19*$E19*I19) | R19: =IF(OR($A19="",R$4=""),"",$C19*$D19*$E19*J19) | S19: =IF(OR($A19="",S$4=""),"",$C19*$D19*$E19*K19)
A20: ストア準備・返品（予算分） | B20: 定例（単価以外は変更不可） | C20: 1251 | D20: 2 | E20: 1 | F20: 1 | G20: 1 | H20: 1 | I20: 1 | J20: 1 | L20: =IF($A20="","",SUMPRODUCT(($F$4:$K$4<>"")*$F20:$K20)) | M20: =IF($A20="","",SUM($N20:$S20)) | N20: =IF(OR($A20="",N$4=""),"",$C20*$D20*$E20*F20) | O20: =IF(OR($A20="",O$4=""),"",$C20*$D20*$E20*G20) | P20: =IF(OR($A20="",P$4=""),"",$C20*$D20*$E20*H20) | Q20: =IF(OR($A20="",Q$4=""),"",$C20*$D20*$E20*I20) | R20: =IF(OR($A20="",R$4=""),"",$C20*$D20*$E20*J20) | S20: =IF(OR($A20="",S$4=""),"",$C20*$D20*$E20*K20)
A21: ストア準備・返品（追加分） | B21: 準備 | C21: 1251 | D21: 2 | E21: 2 | L21: =IF($A21="","",SUMPRODUCT(($F$4:$K$4<>"")*$F21:$K21)) | M21: =IF($A21="","",SUM($N21:$S21)) | N21: =IF(OR($A21="",N$4=""),"",$C21*$D21*$E21*F21) | O21: =IF(OR($A21="",O$4=""),"",$C21*$D21*$E21*G21) | P21: =IF(OR($A21="",P$4=""),"",$C21*$D21*$E21*H21) | Q21: =IF(OR($A21="",Q$4=""),"",$C21*$D21*$E21*I21) | R21: =IF(OR($A21="",R$4=""),"",$C21*$D21*$E21*J21) | S21: =IF(OR($A21="",S$4=""),"",$C21*$D21*$E21*K21)
A22: ストア準備・返品（追加分） | B22: 返品 | C22: 1251 | D22: 6 | E22: 2 | L22: =IF($A22="","",SUMPRODUCT(($F$4:$K$4<>"")*$F22:$K22)) | M22: =IF($A22="","",SUM($N22:$S22)) | N22: =IF(OR($A22="",N$4=""),"",$C22*$D22*$E22*F22) | O22: =IF(OR($A22="",O$4=""),"",$C22*$D22*$E22*G22) | P22: =IF(OR($A22="",P$4=""),"",$C22*$D22*$E22*H22) | Q22: =IF(OR($A22="",Q$4=""),"",$C22*$D22*$E22*I22) | R22: =IF(OR($A22="",R$4=""),"",$C22*$D22*$E22*J22) | S22: =IF(OR($A22="",S$4=""),"",$C22*$D22*$E22*K22)
A23: ストア準備・返品（追加分） | B23: 陳列 | C23: 1251 | D23: 6 | E23: 4 | L23: =IF($A23="","",SUMPRODUCT(($F$4:$K$4<>"")*$F23:$K23)) | M23: =IF($A23="","",SUM($N23:$S23)) | N23: =IF(OR($A23="",N$4=""),"",$C23*$D23*$E23*F23) | O23: =IF(OR($A23="",O$4=""),"",$C23*$D23*$E23*G23) | P23: =IF(OR($A23="",P$4=""),"",$C23*$D23*$E23*H23) | Q23: =IF(OR($A23="",Q$4=""),"",$C23*$D23*$E23*I23) | R23: =IF(OR($A23="",R$4=""),"",$C23*$D23*$E23*J23) | S23: =IF(OR($A23="",S$4=""),"",$C23*$D23*$E23*K23)
A24: その他 | C24: 1251 | L24: =IF($A24="","",SUMPRODUCT(($F$4:$K$4<>"")*$F24:$K24)) | M24: =IF($A24="","",SUM($N24:$S24)) | N24: =IF(OR($A24="",N$4=""),"",$C24*$D24*$E24*F24) | O24: =IF(OR($A24="",O$4=""),"",$C24*$D24*$E24*G24) | P24: =IF(OR($A24="",P$4=""),"",$C24*$D24*$E24*H24) | Q24: =IF(OR($A24="",Q$4=""),"",$C24*$D24*$E24*I24) | R24: =IF(OR($A24="",R$4=""),"",$C24*$D24*$E24*J24) | S24: =IF(OR($A24="",S$4=""),"",$C24*$D24*$E24*K24)
A25: リーダー手当 | B25: 手当（金額を単価欄に入れ、時間・人数・回数を1にする） | C25: 93000 | D25: 1 | E25: 1 | L25: =IF($A25="","",SUMPRODUCT(($F$4:$K$4<>"")*$F25:$K25)) | M25: =IF($A25="","",SUM($N25:$S25)) | N25: =IF(OR($A25="",N$4=""),"",$C25*$D25*$E25*F25) | O25: =IF(OR($A25="",O$4=""),"",$C25*$D25*$E25*G25) | P25: =IF(OR($A25="",P$4=""),"",$C25*$D25*$E25*H25) | Q25: =IF(OR($A25="",Q$4=""),"",$C25*$D25*$E25*I25) | R25: =IF(OR($A25="",R$4=""),"",$C25*$D25*$E25*J25) | S25: =IF(OR($A25="",S$4=""),"",$C25*$D25*$E25*K25)
L26: =IF($A26="","",SUMPRODUCT(($F$4:$K$4<>"")*$F26:$K26)) | M26: =IF($A26="","",SUM($N26:$S26)) | N26: =IF(OR($A26="",N$4=""),"",$C26*$D26*$E26*F26) | O26: =IF(OR($A26="",O$4=""),"",$C26*$D26*$E26*G26) | P26: =IF(OR($A26="",P$4=""),"",$C26*$D26*$E26*H26) | Q26: =IF(OR($A26="",Q$4=""),"",$C26*$D26*$E26*I26) | R26: =IF(OR($A26="",R$4=""),"",$C26*$D26*$E26*J26) | S26: =IF(OR($A26="",S$4=""),"",$C26*$D26*$E26*K26)
L27: =IF($A27="","",SUMPRODUCT(($F$4:$K$4<>"")*$F27:$K27)) | M27: =IF($A27="","",SUM($N27:$S27)) | N27: =IF(OR($A27="",N$4=""),"",$C27*$D27*$E27*F27) | O27: =IF(OR($A27="",O$4=""),"",$C27*$D27*$E27*G27) | P27: =IF(OR($A27="",P$4=""),"",$C27*$D27*$E27*H27) | Q27: =IF(OR($A27="",Q$4=""),"",$C27*$D27*$E27*I27) | R27: =IF(OR($A27="",R$4=""),"",$C27*$D27*$E27*J27) | S27: =IF(OR($A27="",S$4=""),"",$C27*$D27*$E27*K27)
L28: =IF($A28="","",SUMPRODUCT(($F$4:$K$4<>"")*$F28:$K28)) | M28: =IF($A28="","",SUM($N28:$S28)) | N28: =IF(OR($A28="",N$4=""),"",$C28*$D28*$E28*F28) | O28: =IF(OR($A28="",O$4=""),"",$C28*$D28*$E28*G28) | P28: =IF(OR($A28="",P$4=""),"",$C28*$D28*$E28*H28) | Q28: =IF(OR($A28="",Q$4=""),"",$C28*$D28*$E28*I28) | R28: =IF(OR($A28="",R$4=""),"",$C28*$D28*$E28*J28) | S28: =IF(OR($A28="",S$4=""),"",$C28*$D28*$E28*K28)
L29: =IF($A29="","",SUMPRODUCT(($F$4:$K$4<>"")*$F29:$K29)) | M29: =IF($A29="","",SUM($N29:$S29)) | N29: =IF(OR($A29="",N$4=""),"",$C29*$D29*$E29*F29) | O29: =IF(OR($A29="",O$4=""),"",$C29*$D29*$E29*G29) | P29: =IF(OR($A29="",P$4=""),"",$C29*$D29*$E29*H29) | Q29: =IF(OR($A29="",Q$4=""),"",$C29*$D29*$E29*I29) | R29: =IF(OR($A29="",R$4=""),"",$C29*$D29*$E29*J29) | S29: =IF(OR($A29="",S$4=""),"",$C29*$D29*$E29*K29)
L30: =IF($A30="","",SUMPRODUCT(($F$4:$K$4<>"")*$F30:$K30)) | M30: =IF($A30="","",SUM($N30:$S30)) | N30: =IF(OR($A30="",N$4=""),"",$C30*$D30*$E30*F30) | O30: =IF(OR($A30="",O$4=""),"",$C30*$D30*$E30*G30) | P30: =IF(OR($A30="",P$4=""),"",$C30*$D30*$E30*H30) | Q30: =IF(OR($A30="",Q$4=""),"",$C30*$D30*$E30*I30) | R30: =IF(OR($A30="",R$4=""),"",$C30*$D30*$E30*J30) | S30: =IF(OR($A30="",S$4=""),"",$C30*$D30*$E30*K30)
L31: =IF($A31="","",SUMPRODUCT(($F$4:$K$4<>"")*$F31:$K31)) | M31: =IF($A31="","",SUM($N31:$S31)) | N31: =IF(OR($A31="",N$4=""),"",$C31*$D31*$E31*F31) | O31: =IF(OR($A31="",O$4=""),"",$C31*$D31*$E31*G31) | P31: =IF(OR($A31="",P$4=""),"",$C31*$D31*$E31*H31) | Q31: =IF(OR($A31="",Q$4=""),"",$C31*$D31*$E31*I31) | R31: =IF(OR($A31="",R$4=""),"",$C31*$D31*$E31*J31) | S31: =IF(OR($A31="",S$4=""),"",$C31*$D31*$E31*K31)
L32: =IF($A32="","",SUMPRODUCT(($F$4:$K$4<>"")*$F32:$K32)) | M32: =IF($A32="","",SUM($N32:$S32)) | N32: =IF(OR($A32="",N$4=""),"",$C32*$D32*$E32*F32) | O32: =IF(OR($A32="",O$4=""),"",$C32*$D32*$E32*G32) | P32: =IF(OR($A32="",P$4=""),"",$C32*$D32*$E32*H32) | Q32: =IF(OR($A32="",Q$4=""),"",$C32*$D32*$E32*I32) | R32: =IF(OR($A32="",R$4=""),"",$C32*$D32*$E32*J32) | S32: =IF(OR($A32="",S$4=""),"",$C32*$D32*$E32*K32)
L33: =IF($A33="","",SUMPRODUCT(($F$4:$K$4<>"")*$F33:$K33)) | M33: =IF($A33="","",SUM($N33:$S33)) | N33: =IF(OR($A33="",N$4=""),"",$C33*$D33*$E33*F33) | O33: =IF(OR($A33="",O$4=""),"",$C33*$D33*$E33*G33) | P33: =IF(OR($A33="",P$4=""),"",$C33*$D33*$E33*H33) | Q33: =IF(OR($A33="",Q$4=""),"",$C33*$D33*$E33*I33) | R33: =IF(OR($A33="",R$4=""),"",$C33*$D33*$E33*J33) | S33: =IF(OR($A33="",S$4=""),"",$C33*$D33*$E33*K33)
L34: =IF($A34="","",SUMPRODUCT(($F$4:$K$4<>"")*$F34:$K34)) | M34: =IF($A34="","",SUM($N34:$S34)) | N34: =IF(OR($A34="",N$4=""),"",$C34*$D34*$E34*F34) | O34: =IF(OR($A34="",O$4=""),"",$C34*$D34*$E34*G34) | P34: =IF(OR($A34="",P$4=""),"",$C34*$D34*$E34*H34) | Q34: =IF(OR($A34="",Q$4=""),"",$C34*$D34*$E34*I34) | R34: =IF(OR($A34="",R$4=""),"",$C34*$D34*$E34*J34) | S34: =IF(OR($A34="",S$4=""),"",$C34*$D34*$E34*K34)
L35: =IF($A35="","",SUMPRODUCT(($F$4:$K$4<>"")*$F35:$K35)) | M35: =IF($A35="","",SUM($N35:$S35)) | N35: =IF(OR($A35="",N$4=""),"",$C35*$D35*$E35*F35) | O35: =IF(OR($A35="",O$4=""),"",$C35*$D35*$E35*G35) | P35: =IF(OR($A35="",P$4=""),"",$C35*$D35*$E35*H35) | Q35: =IF(OR($A35="",Q$4=""),"",$C35*$D35*$E35*I35) | R35: =IF(OR($A35="",R$4=""),"",$C35*$D35*$E35*J35) | S35: =IF(OR($A35="",S$4=""),"",$C35*$D35*$E35*K35)
L36: =IF($A36="","",SUMPRODUCT(($F$4:$K$4<>"")*$F36:$K36)) | M36: =IF($A36="","",SUM($N36:$S36)) | N36: =IF(OR($A36="",N$4=""),"",$C36*$D36*$E36*F36) | O36: =IF(OR($A36="",O$4=""),"",$C36*$D36*$E36*G36) | P36: =IF(OR($A36="",P$4=""),"",$C36*$D36*$E36*H36) | Q36: =IF(OR($A36="",Q$4=""),"",$C36*$D36*$E36*I36) | R36: =IF(OR($A36="",R$4=""),"",$C36*$D36*$E36*J36) | S36: =IF(OR($A36="",S$4=""),"",$C36*$D36*$E36*K36)
L37: =IF($A37="","",SUMPRODUCT(($F$4:$K$4<>"")*$F37:$K37)) | M37: =IF($A37="","",SUM($N37:$S37)) | N37: =IF(OR($A37="",N$4=""),"",$C37*$D37*$E37*F37) | O37: =IF(OR($A37="",O$4=""),"",$C37*$D37*$E37*G37) | P37: =IF(OR($A37="",P$4=""),"",$C37*$D37*$E37*H37) | Q37: =IF(OR($A37="",Q$4=""),"",$C37*$D37*$E37*I37) | R37: =IF(OR($A37="",R$4=""),"",$C37*$D37*$E37*J37) | S37: =IF(OR($A37="",S$4=""),"",$C37*$D37*$E37*K37)
... L104: =IF($A104="","",SUMPRODUCT(($F$4:$K$4<>"")*$F104:$K104)) | M104: =IF($A104="","",SUM($N104:$S104)) | N104: =IF(OR($A104="",N$4=""),"",$C104*$D104*$E104*F104) | O104: =IF(OR($A104="",O$4=""),"",$C104*$D104*$E104*G104) | P104: =IF(OR($A104="",P$4=""),"",$C104*$D104*$E104*H104) | Q104: =IF(OR($A104="",Q$4=""),"",$C104*$D104*$E104*I104) | R104: =IF(OR($A104="",R$4=""),"",$C104*$D104*$E104*J104) | S104: =IF(OR($A104="",S$4=""),"",$C104*$D104*$E104*K104)
A106: 合計 | F106: =SUM(F5:F104) | G106: =SUM(G5:G104) | H106: =SUM(H5:H104) | I106: =SUM(I5:I104) | J106: =SUM(J5:J104) | K106: =SUM(K5:K104) | L106: =SUM(L5:L104) | M106: =SUM(M5:M104) | ... S106: =SUM(S5:S104)
A108: ※ 項目名は「集計」シートの項目名と同じ文字にしてください（違うと集計に載りません。集計シートの下にチェック欄があります）。

Sheet 集計
A1: 項目別 集計
A2: 「割振」シートの明細を項目ごとに集計します。予算（I列）だけ入力してください。
A3: 項目 | B3: =設定!$B$21 | C3: =設定!$B$22 | D3: =設定!$B$23 | E3: =設定!$B$24 | F3: =設定!$B$25 | G3: =設定!$B$26 | H3: 月計 | I3: 予算 | J3: 予算比 | K3: 差額
A4: 障がい者雇用 | B4: =IF(OR($A4="",B$3=""),"",SUMIF(割振!$A$5:$A$104,$A4,割振!N$5:N$104)) | C4: =IF(OR($A4="",C$3=""),"",SUMIF(割振!$A$5:$A$104,$A4,割振!O$5:O$104)) | D4: =IF(OR($A4="",D$3=""),"",SUMIF(割振!$A$5:$A$104,$A4,割振!P$5:P$104)) | E4: =IF(OR($A4="",E$3=""),"",SUMIF(割振!$A$5:$A$104,$A4,割振!Q$5:Q$104)) | F4: =IF(OR($A4="",F$3=""),"",SUMIF(割振!$A$5:$A$104,$A4,割振!R$5:R$104)) | G4: =IF(OR($A4="",G$3=""),"",SUMIF(割振!$A$5:$A$104,$A4,割振!S$5:S$104)) | H4: =IF($A4="","",SUM($B4:$G4)) | J4: =IF(OR($A4="",$I4=0),"",$H4/$I4) | K4: =IF(OR($A4="",$I4=0),"",$I4-$H4)
A5: 新規採用研修（トレーニー） | B5: =IF(OR($A5="",B$3=""),"",SUMIF(割振!$A$5:$A$104,$A5,割振!N$5:N$104)) | C5: =IF(OR($A5="",C$3=""),"",SUMIF(割振!$A$5:$A$104,$A5,割振!O$5:O$104)) | D5: =IF(OR($A5="",D$3=""),"",SUMIF(割振!$A$5:$A$104,$A5,割振!P$5:P$104)) | E5: =IF(OR($A5="",E$3=""),"",SUMIF(割振!$A$5:$A$104,$A5,割振!Q$5:Q$104)) | F5: =IF(OR($A5="",F$3=""),"",SUMIF(割振!$A$5:$A$104,$A5,割振!R$5:R$104)) | G5: =IF(OR($A5="",G$3=""),"",SUMIF(割振!$A$5:$A$104,$A5,割振!S$5:S$104)) | H5: =IF($A5="","",SUM($B5:$G5)) | J5: =IF(OR($A5="",$I5=0),"",$H5/$I5) | K5: =IF(OR($A5="",$I5=0),"",$I5-$H5)
A6: 新規採用研修（トレーナー） | B6: =IF(OR($A6="",B$3=""),"",SUMIF(割振!$A$5:$A$104,$A6,割振!N$5:N$104)) | C6: =IF(OR($A6="",C$3=""),"",SUMIF(割振!$A$5:$A$104,$A6,割振!O$5:O$104)) | D6: =IF(OR($A6="",D$3=""),"",SUMIF(割振!$A$5:$A$104,$A6,割振!P$5:P$104)) | E6: =IF(OR($A6="",E$3=""),"",SUMIF(割振!$A$5:$A$104,$A6,割振!Q$5:Q$104)) | F6: =IF(OR($A6="",F$3=""),"",SUMIF(割振!$A$5:$A$104,$A6,割振!R$5:R$104)) | G6: =IF(OR($A6="",G$3=""),"",SUMIF(割振!$A$5:$A$104,$A6,割振!S$5:S$104)) | H6: =IF($A6="","",SUM($B6:$G6)) | J6: =IF(OR($A6="",$I6=0),"",$H6/$I6) | K6: =IF(OR($A6="",$I6=0),"",$I6-$H6)
A7: 既存スタッフ研修 | B7: =IF(OR($A7="",B$3=""),"",SUMIF(割振!$A$5:$A$104,$A7,割振!N$5:N$104)) | C7: =IF(OR($A7="",C$3=""),"",SUMIF(割振!$A$5:$A$104,$A7,割振!O$5:O$104)) | D7: =IF(OR($A7="",D$3=""),"",SUMIF(割振!$A$5:$A$104,$A7,割振!P$5:P$104)) | E7: =IF(OR($A7="",E$3=""),"",SUMIF(割振!$A$5:$A$104,$A7,割振!Q$5:Q$104)) | F7: =IF(OR($A7="",F$3=""),"",SUMIF(割振!$A$5:$A$104,$A7,割振!R$5:R$104)) | G7: =IF(OR($A7="",G$3=""),"",SUMIF(割振!$A$5:$A$104,$A7,割振!S$5:S$104)) | H7: =IF($A7="","",SUM($B7:$G7)) | J7: =IF(OR($A7="",$I7=0),"",$H7/$I7) | K7: =IF(OR($A7="",$I7=0),"",$I7-$H7)
A8: 防災訓練 | B8: =IF(OR($A8="",B$3=""),"",SUMIF(割振!$A$5:$A$104,$A8,割振!N$5:N$104)) | C8: =IF(OR($A8="",C$3=""),"",SUMIF(割振!$A$5:$A$104,$A8,割振!O$5:O$104)) | D8: =IF(OR($A8="",D$3=""),"",SUMIF(割振!$A$5:$A$104,$A8,割振!P$5:P$104)) | E8: =IF(OR($A8="",E$3=""),"",SUMIF(割振!$A$5:$A$104,$A8,割振!Q$5:Q$104)) | F8: =IF(OR($A8="",F$3=""),"",SUMIF(割振!$A$5:$A$104,$A8,割振!R$5:R$104)) | G8: =IF(OR($A8="",G$3=""),"",SUMIF(割振!$A$5:$A$104,$A8,割振!S$5:S$104)) | H8: =IF($A8="","",SUM($B8:$G8)) | J8: =IF(OR($A8="",$I8=0),"",$H8/$I8) | K8: =IF(OR($A8="",$I8=0),"",$I8-$H8)
A9: 棚卸（予算分） | B9: =IF(OR($A9="",B$3=""),"",SUMIF(割振!$A$5:$A$104,$A9,割振!N$5:N$104)) | C9: =IF(OR($A9="",C$3=""),"",SUMIF(割振!$A$5:$A$104,$A9,割振!O$5:O$104)) | D9: =IF(OR($A9="",D$3=""),"",SUMIF(割振!$A$5:$A$104,$A9,割振!P$5:P$104)) | E9: =IF(OR($A9="",E$3=""),"",SUMIF(割振!$A$5:$A$104,$A9,割振!Q$5:Q$104)) | F9: =IF(OR($A9="",F$3=""),"",SUMIF(割振!$A$5:$A$104,$A9,割振!R$5:R$104)) | G9: =IF(OR($A9="",G$3=""),"",SUMIF(割振!$A$5:$A$104,$A9,割振!S$5:S$104)) | H9: =IF($A9="","",SUM($B9:$G9)) | J9: =IF(OR($A9="",$I9=0),"",$H9/$I9) | K9: =IF(OR($A9="",$I9=0),"",$I9-$H9)
A10: ストア準備・返品（予算分） | B10: =IF(OR($A10="",B$3=""),"",SUMIF(割振!$A$5:$A$104,$A10,割振!N$5:N$104)) | C10: =IF(OR($A10="",C$3=""),"",SUMIF(割振!$A$5:$A$104,$A10,割振!O$5:O$104)) | D10: =IF(OR($A10="",D$3=""),"",SUMIF(割振!$A$5:$A$104,$A10,割振!P$5:P$104)) | E10: =IF(OR($A10="",E$3=""),"",SUMIF(割振!$A$5:$A$104,$A10,割振!Q$5:Q$104)) | F10: =IF(OR($A10="",F$3=""),"",SUMIF(割振!$A$5:$A$104,$A10,割振!R$5:R$104)) | G10: =IF(OR($A10="",G$3=""),"",SUMIF(割振!$A$5:$A$104,$A10,割振!S$5:S$104)) | H10: =IF($A10="","",SUM($B10:$G10)) | J10: =IF(OR($A10="",$I10=0),"",$H10/$I10) | K10: =IF(OR($A10="",$I10=0),"",$I10-$H10)
A11: ストア準備・返品（追加分） | B11: =IF(OR($A11="",B$3=""),"",SUMIF(割振!$A$5:$A$104,$A11,割振!N$5:N$104)) | C11: =IF(OR($A11="",C$3=""),"",SUMIF(割振!$A$5:$A$104,$A11,割振!O$5:O$104)) | D11: =IF(OR($A11="",D$3=""),"",SUMIF(割振!$A$5:$A$104,$A11,割振!P$5:P$104)) | E11: =IF(OR($A11="",E$3=""),"",SUMIF(割振!$A$5:$A$104,$A11,割振!Q$5:Q$104)) | F11: =IF(OR($A11="",F$3=""),"",SUMIF(割振!$A$5:$A$104,$A11,割振!R$5:R$104)) | G11: =IF(OR($A11="",G$3=""),"",SUMIF(割振!$A$5:$A$104,$A11,割振!S$5:S$104)) | H11: =IF($A11="","",SUM($B11:$G11)) | J11: =IF(OR($A11="",$I11=0),"",$H11/$I11) | K11: =IF(OR($A11="",$I11=0),"",$I11-$H11)
A12: その他 | B12: =IF(OR($A12="",B$3=""),"",SUMIF(割振!$A$5:$A$104,$A12,割振!N$5:N$104)) | C12: =IF(OR($A12="",C$3=""),"",SUMIF(割振!$A$5:$A$104,$A12,割振!O$5:O$104)) | D12: =IF(OR($A12="",D$3=""),"",SUMIF(割振!$A$5:$A$104,$A12,割振!P$5:P$104)) | E12: =IF(OR($A12="",E$3=""),"",SUMIF(割振!$A$5:$A$104,$A12,割振!Q$5:Q$104)) | F12: =IF(OR($A12="",F$3=""),"",SUMIF(割振!$A$5:$A$104,$A12,割振!R$5:R$104)) | G12: =IF(OR($A12="",G$3=""),"",SUMIF(割振!$A$5:$A$104,$A12,割振!S$5:S$104)) | H12: =IF($A12="","",SUM($B12:$G12)) | J12: =IF(OR($A12="",$I12=0),"",$H12/$I12) | K12: =IF(OR($A12="",$I12=0),"",$I12-$H12)
A13: リーダー手当 | B13: =IF(OR($A13="",B$3=""),"",SUMIF(割振!$A$5:$A$104,$A13,割振!N$5:N$104)) | C13: =IF(OR($A13="",C$3=""),"",SUMIF(割振!$A$5:$A$104,$A13,割振!O$5:O$104)) | D13: =IF(OR($A13="",D$3=""),"",SUMIF(割振!$A$5:$A$104,$A13,割振!P$5:P$104)) | E13: =IF(OR($A13="",E$3=""),"",SUMIF(割振!$A$5:$A$104,$A13,割振!Q$5:Q$104)) | F13: =IF(OR($A13="",F$3=""),"",SUMIF(割振!$A$5:$A$104,$A13,割振!R$5:R$104)) | G13: =IF(OR($A13="",G$3=""),"",SUMIF(割振!$A$5:$A$104,$A13,割振!S$5:S$104)) | H13: =IF($A13="","",SUM($B13:$G13)) | J13: =IF(OR($A13="",$I13=0),"",$H13/$I13) | K13: =IF(OR($A13="",$I13=0),"",$I13-$H13)
B14: =IF(OR($A14="",B$3=""),"",SUMIF(割振!$A$5:$A$104,$A14,割振!N$5:N$104)) | C14: =IF(OR($A14="",C$3=""),"",SUMIF(割振!$A$5:$A$104,$A14,割振!O$5:O$104)) | D14: =IF(OR($A14="",D$3=""),"",SUMIF(割振!$A$5:$A$104,$A14,割振!P$5:P$104)) | E14: =IF(OR($A14="",E$3=""),"",SUMIF(割振!$A$5:$A$104,$A14,割振!Q$5:Q$104)) | F14: =IF(OR($A14="",F$3=""),"",SUMIF(割振!$A$5:$A$104,$A14,割振!R$5:R$104)) | G14: =IF(OR($A14="",G$3=""),"",SUMIF(割振!$A$5:$A$104,$A14,割振!S$5:S$104)) | H14: =IF($A14="","",SUM($B14:$G14)) | J14: =IF(OR($A14="",$I14=0),"",$H14/$I14) | K14: =IF(OR($A14="",$I14=0),"",$I14-$H14)
B15: =IF(OR($A15="",B$3=""),"",SUMIF(割振!$A$5:$A$104,$A15,割振!N$5:N$104)) | C15: =IF(OR($A15="",C$3=""),"",SUMIF(割振!$A$5:$A$104,$A15,割振!O$5:O$104)) | D15: =IF(OR($A15="",D$3=""),"",SUMIF(割振!$A$5:$A$104,$A15,割振!P$5:P$104)) | E15: =IF(OR($A15="",E$3=""),"",SUMIF(割振!$A$5:$A$104,$A15,割振!Q$5:Q$104)) | F15: =IF(OR($A15="",F$3=""),"",SUMIF(割振!$A$5:$A$104,$A15,割振!R$5:R$104)) | G15: =IF(OR($A15="",G$3=""),"",SUMIF(割振!$A$5:$A$104,$A15,割振!S$5:S$104)) | H15: =IF($A15="","",SUM($B15:$G15)) | J15: =IF(OR($A15="",$I15=0),"",$H15/$I15) | K15: =IF(OR($A15="",$I15=0),"",$I15-$H15)
B16: =IF(OR($A16="",B$3=""),"",SUMIF(割振!$A$5:$A$104,$A16,割振!N$5:N$104)) | C16: =IF(OR($A16="",C$3=""),"",SUMIF(割振!$A$5:$A$104,$A16,割振!O$5:O$104)) | D16: =IF(OR($A16="",D$3=""),"",SUMIF(割振!$A$5:$A$104,$A16,割振!P$5:P$104)) | E16: =IF(OR($A16="",E$3=""),"",SUMIF(割振!$A$5:$A$104,$A16,割振!Q$5:Q$104)) | F16: =IF(OR($A16="",F$3=""),"",SUMIF(割振!$A$5:$A$104,$A16,割振!R$5:R$104)) | G16: =IF(OR($A16="",G$3=""),"",SUMIF(割振!$A$5:$A$104,$A16,割振!S$5:S$104)) | H16: =IF($A16="","",SUM($B16:$G16)) | J16: =IF(OR($A16="",$I16=0),"",$H16/$I16) | K16: =IF(OR($A16="",$I16=0),"",$I16-$H16)
B17: =IF(OR($A17="",B$3=""),"",SUMIF(割振!$A$5:$A$104,$A17,割振!N$5:N$104)) | C17: =IF(OR($A17="",C$3=""),"",SUMIF(割振!$A$5:$A$104,$A17,割振!O$5:O$104)) | D17: =IF(OR($A17="",D$3=""),"",SUMIF(割振!$A$5:$A$104,$A17,割振!P$5:P$104)) | E17: =IF(OR($A17="",E$3=""),"",SUMIF(割振!$A$5:$A$104,$A17,割振!Q$5:Q$104)) | F17: =IF(OR($A17="",F$3=""),"",SUMIF(割振!$A$5:$A$104,$A17,割振!R$5:R$104)) | G17: =IF(OR($A17="",G$3=""),"",SUMIF(割振!$A$5:$A$104,$A17,割振!S$5:S$104)) | H17: =IF($A17="","",SUM($B17:$G17)) | J17: =IF(OR($A17="",$I17=0),"",$H17/$I17) | K17: =IF(OR($A17="",$I17=0),"",$I17-$H17)
B18: =IF(OR($A18="",B$3=""),"",SUMIF(割振!$A$5:$A$104,$A18,割振!N$5:N$104)) | C18: =IF(OR($A18="",C$3=""),"",SUMIF(割振!$A$5:$A$104,$A18,割振!O$5:O$104)) | D18: =IF(OR($A18="",D$3=""),"",SUMIF(割振!$A$5:$A$104,$A18,割振!P$5:P$104)) | E18: =IF(OR($A18="",E$3=""),"",SUMIF(割振!$A$5:$A$104,$A18,割振!Q$5:Q$104)) | F18: =IF(OR($A18="",F$3=""),"",SUMIF(割振!$A$5:$A$104,$A18,割振!R$5:R$104)) | G18: =IF(OR($A18="",G$3=""),"",SUMIF(割振!$A$5:$A$104,$A18,割振!S$5:S$104)) | H18: =IF($A18="","",SUM($B18:$G18)) | J18: =IF(OR($A18="",$I18=0),"",$H18/$I18) | K18: =IF(OR($A18="",$I18=0),"",$I18-$H18)
A20: 有給休暇 | B20: ='有休・更衣'!$E$8 | C20: ='有休・更衣'!$E$9 | D20: ='有休・更衣'!$E$10 | E20: ='有休・更衣'!$E$11 | F20: ='有休・更衣'!$E$12 | G20: ='有休・更衣'!$E$13 | H20: =SUM($B20:$G20) | I20: ='有休・更衣'!$B$5 | J20: =IF($I20=0,"",$H20/$I20) | K20: =IF($I20=0,"",$I20-$H20)
A21: 更衣時間 | B21: ='有休・更衣'!$D$27 | C21: ='有休・更衣'!$D$28 | D21: ='有休・更衣'!$D$29 | E21: ='有休・更衣'!$D$30 | F21: ='有休・更衣'!$D$31 | G21: ='有休・更衣'!$D$32 | H21: =SUM($B21:$G21) | I21: ='有休・更衣'!$B$34 | J21: =IF($I21=0,"",$H21/$I21) | K21: =IF($I21=0,"",$I21-$H21)
A23: 合計（有休を除く） | B23: =IF(B$3="","",SUM(B$4:B$18)+B21) | C23: =IF(C$3="","",SUM(C$4:C$18)+C21) | D23: =IF(D$3="","",SUM(D$4:D$18)+D21) | E23: =IF(E$3="","",SUM(E$4:E$18)+E21) | F23: =IF(F$3="","",SUM(F$4:F$18)+F21) | G23: =IF(G$3="","",SUM(G$4:G$18)+G21) | H23: =SUM($B23:$G23) | I23: =SUM($I$4:$I$18)+$I21 | J23: =IF($I23=0,"",$H23/$I23) | K23: =IF($I23=0,"",$I23-$H23)
A25: ■ チェック
A26: 割振シートの金額計 | B26: =割振!$M$106
A27: 上の表の項目合計 | B27: =SUM($H$4:$H$18)
A28: 差（集計に載っていない金額） | B28: =$B$26-$B$27 | C28: ← 0 以外なら、割振シートの項目名がこの表の項目名と一致していません

Sheet 接客部門
A1: 接客部門 週別・部門別割振
A2: 月間予算を、週別動員の構成比と部門構成比で自動的に割り振ります。
A3: 月間予算 | B3: 22210643 | C3: ← 接客部門の月間予算を入力
A5: 項目 | B5: =設定!$B$21 | C5: =設定!$B$22 | D5: =設定!$B$23 | E5: =設定!$B$24 | F5: =設定!$B$25 | G5: =設定!$B$26 | H5: 月計
A6: 週予算 | B6: =IF(B$5="","",$B$3*動員!$K$4) | C6: =IF(C$5="","",$B$3*動員!$K$5) | D6: =IF(D$5="","",$B$3*動員!$K$6) | E6: =IF(E$5="","",$B$3*動員!$K$7) | F6: =IF(F$5="","",$B$3*動員!$K$8) | G6: =IF(G$5="","",$B$3*動員!$K$9) | H6: =SUM(B6:G6)
A8: ■ 予算配分（週予算 × 部門構成比）
A9: FLOOR | B9: =IF(B$5="","",B$6*設定!$B$29) | C9: =IF(C$5="","",C$6*設定!$B$29) | D9: =IF(D$5="","",D$6*設定!$B$29) | E9: =IF(E$5="","",E$6*設定!$B$29) | F9: =IF(F$5="","",F$6*設定!$B$29) | G9: =IF(G$5="","",G$6*設定!$B$29) | H9: =SUM(B9:G9)
A10: CONCESSION | B10: =IF(B$5="","",B$6*設定!$B$30) | C10: =IF(C$5="","",C$6*設定!$B$30) | D10: =IF(D$5="","",D$6*設定!$B$30) | E10: =IF(E$5="","",E$6*設定!$B$30) | F10: =IF(F$5="","",F$6*設定!$B$30) | G10: =IF(G$5="","",G$6*設定!$B$30) | H10: =SUM(B10:G10)
A11: STORE | B11: =IF(B$5="","",B$6*設定!$B$31) | C11: =IF(C$5="","",C$6*設定!$B$31) | D11: =IF(D$5="","",D$6*設定!$B$31) | E11: =IF(E$5="","",E$6*設定!$B$31) | F11: =IF(F$5="","",F$6*設定!$B$31) | G11: =IF(G$5="","",G$6*設定!$B$31) | H11: =SUM(B11:G11)
A12: OFFICE | B12: =IF(B$5="","",B$6*設定!$B$32) | C12: =IF(C$5="","",C$6*設定!$B$32) | D12: =IF(D$5="","",D$6*設定!$B$32) | E12: =IF(E$5="","",E$6*設定!$B$32) | F12: =IF(F$5="","",F$6*設定!$B$32) | G12: =IF(G$5="","",G$6*設定!$B$32) | H12: =SUM(B12:G12)
A14: ■ 予算外（ミーティング・棚卸・返品など）
A15: FLOOR | H15: =SUM(B15:G15)
A16: CONCESSION | H16: =SUM(B16:G16)
A17: STORE | H17: =SUM(B17:G17)
A18: OFFICE | H18: =SUM(B18:G18)
A20: ■ 合計（予算配分＋予算外）
A21: FLOOR | B21: =IF(B$5="","",B9+B15) | C21: =IF(C$5="","",C9+C15) | D21: =IF(D$5="","",D9+D15) | E21: =IF(E$5="","",E9+E15) | F21: =IF(F$5="","",F9+F15) | G21: =IF(G$5="","",G9+G15) | H21: =SUM(B21:G21)
A22: CONCESSION | B22: =IF(B$5="","",B10+B16) | C22: =IF(C$5="","",C10+C16) | D22: =IF(D$5="","",D10+D16) | E22: =IF(E$5="","",E10+E16) | F22: =IF(F$5="","",F10+F16) | G22: =IF(G$5="","",G10+G16) | H22: =SUM(B22:G22)
A23: STORE | B23: =IF(B$5="","",B11+B17) | C23: =IF(C$5="","",C11+C17) | D23: =IF(D$5="","",D11+D17) | E23: =IF(E$5="","",E11+E17) | F23: =IF(F$5="","",F11+F17) | G23: =IF(G$5="","",G11+G17) | H23: =SUM(B23:G23)
A24: OFFICE | B24: =IF(B$5="","",B12+B18) | C24: =IF(C$5="","",C12+C18) | D24: =IF(D$5="","",D12+D18) | E24: =IF(E$5="","",E12+E18) | F24: =IF(F$5="","",F12+F18) | G24: =IF(G$5="","",G12+G18) | H24: =SUM(B24:G24)
A25: 週合計 | B25: =IF(B$5="","",SUM(B21:B24)) | C25: =IF(C$5="","",SUM(C21:C24)) | D25: =IF(D$5="","",SUM(D21:D24)) | E25: =IF(E$5="","",SUM(E21:E24)) | F25: =IF(F$5="","",SUM(F21:F24)) | G25: =IF(G$5="","",SUM(G21:G24)) | H25: =SUM(B25:G25)
A27: 予算比 | B27: =IF($B$3=0,"",$H$25/$B$3)
A28: 差額（予算 − 合計） | B28: =IF($B$3=0,"",$B$3-$H$25)

Sheet 有休・更衣
A1: 有休・更衣時間
A2: 人数を入力すると金額が出ます。有休は予算との差額を各週へ均等に振り分けます。
A3: 有休単価 | B3: 979
A4: 時間 | B4: 5
A5: 予算 | B5: 325789
A7: 週 | B7: WEEK | C7: 人数 | D7: 金額 | E7: 補正後 | F7: 1日あたり
A8: 1 | B8: =設定!$B$21 | D8: =IF($B8="","",$B$3*$B$4*$C8) | E8: =IF($B8="","",$D8+$B$16) | F8: =IF(OR($B8="",$C8=0),"",$E8/$C8)
A9: 2 | B9: =設定!$B$22 | D9: =IF($B9="","",$B$3*$B$4*$C9) | E9: =IF($B9="","",$D9+$B$16) | F9: =IF(OR($B9="",$C9=0),"",$E9/$C9)
A10: 3 | B10: =設定!$B$23 | D10: =IF($B10="","",$B$3*$B$4*$C10) | E10: =IF($B10="","",$D10+$B$16) | F10: =IF(OR($B10="",$C10=0),"",$E10/$C10)
A11: 4 | B11: =設定!$B$24 | D11: =IF($B11="","",$B$3*$B$4*$C11) | E11: =IF($B11="","",$D11+$B$16) | F11: =IF(OR($B11="",$C11=0),"",$E11/$C11)
A12: 5 | B12: =設定!$B$25 | D12: =IF($B12="","",$B$3*$B$4*$C12) | E12: =IF($B12="","",$D12+$B$16) | F12: =IF(OR($B12="",$C12=0),"",$E12/$C12)
A13: 6 | B13: =設定!$B$26 | D13: =IF($B13="","",$B$3*$B$4*$C13) | E13: =IF($B13="","",$D13+$B$16) | F13: =IF(OR($B13="",$C13=0),"",$E13/$C13)
A14: 合計 | C14: =SUM(C8:C13) | D14: =SUM(D8:D13) | E14: =SUM(E8:E13)
A15: 予算 − 単純計算額 | B15: =$B$5-$D$14
A16: 1週あたりの調整額 | B16: =IF(設定!$B$17=0,0,$B$15/設定!$B$17) | C16: ← 各週へ均等に振り分け、補正後の合計が予算と一致します
A20: ■ 更衣時間
A22: 単価 | B22: 1132
A23: 時間（分） | B23: 9
A24: 予算基準額 | B24: 81178 | C24: ← 予算 ＝ 予算基準額 × 接客部門の予算比
A26: 週 | B26: WEEK | C26: 人数 | D26: 金額
A27: 1 | B27: =設定!$B$21 | D27: =IF($B27="","",$B$22*($B$23/60)*$C27)
A28: 2 | B28: =設定!$B$22 | D28: =IF($B28="","",$B$22*($B$23/60)*$C28)
A29: 3 | B29: =設定!$B$23 | D29: =IF($B29="","",$B$22*($B$23/60)*$C29)
A30: 4 | B30: =設定!$B$24 | D30: =IF($B30="","",$B$22*($B$23/60)*$C30)
A31: 5 | B31: =設定!$B$25 | D31: =IF($B31="","",$B$22*($B$23/60)*$C31)
A32: 6 | B32: =設定!$B$26 | D32: =IF($B32="","",$B$22*($B$23/60)*$C32)
A33: 合計 | C33: =SUM(C27:C32) | D33: =SUM(D27:D32)
A34: 予算 | B34: =$B$24*IF(接客部門!$B$3=0,0,接客部門!$H$25/接客部門!$B$3)
A35: 差（合計 − 予算） | B35: =$D$33-$B$34
